;              
CREATE USER IF NOT EXISTS SA SALT 'e154bcfcde0cf5ca' HASH '3f4dd5885c07ba52481567e7432d28eb215ad1f1df3965fef0fdaef386d86a98' ADMIN;            
CREATE SEQUENCE PUBLIC.SYSTEM_SEQUENCE_5956E4BD_0BBC_4F7B_9F13_AD7DFAFCD22E START WITH 13 BELONGS_TO_TABLE;    
CREATE SEQUENCE PUBLIC.SYSTEM_SEQUENCE_10665A58_BAA6_44D3_8AD3_EB84FC107AD7 START WITH 5 BELONGS_TO_TABLE;     
CREATE SEQUENCE PUBLIC.SYSTEM_SEQUENCE_46EF7E20_6D51_4740_9553_C142A5C50568 START WITH 12 BELONGS_TO_TABLE;    
CREATE SEQUENCE PUBLIC.SYSTEM_SEQUENCE_A61AC89E_F822_4ECA_B2F0_744AFA6E01FD START WITH 5 BELONGS_TO_TABLE;     
CREATE CACHED TABLE PUBLIC.NOTES(
    ID_NOTE BIGINT DEFAULT (NEXT VALUE FOR PUBLIC.SYSTEM_SEQUENCE_46EF7E20_6D51_4740_9553_C142A5C50568) NOT NULL NULL_TO_DEFAULT SEQUENCE PUBLIC.SYSTEM_SEQUENCE_46EF7E20_6D51_4740_9553_C142A5C50568,
    TITLE VARCHAR(50),
    DESCRIPTION VARCHAR(50),
    STARRED BOOLEAN,
    CREATED VARCHAR(50),
    ID_NOTEBOOK BIGINT,
    ID_USER BIGINT
);       
ALTER TABLE PUBLIC.NOTES ADD CONSTRAINT PUBLIC.CONSTRAINT_4 PRIMARY KEY(ID_NOTE);              
-- 6 +/- SELECT COUNT(*) FROM PUBLIC.NOTES;    
INSERT INTO PUBLIC.NOTES(ID_NOTE, TITLE, DESCRIPTION, STARRED, CREATED, ID_NOTEBOOK, ID_USER) VALUES
(3, 'SOAR', 'service-oriented architecture', TRUE, '2019-01-21', 10, 3),
(4, 'CRSY', 'critical system', FALSE, '2019-01-21', 10, 3),
(7, 'Firewatch', 'wew', FALSE, '2019-01-21', 7, 3),
(9, 'Winter', 'erer', FALSE, '2019-01-21', 6, 3),
(10, 'Summer', 'df', FALSE, '2019-01-21', 6, 3),
(11, 'Fight Club', 'rr', FALSE, '2019-01-21', 3, 2);          
CREATE CACHED TABLE PUBLIC.NOTEBOOKS(
    ID BIGINT DEFAULT (NEXT VALUE FOR PUBLIC.SYSTEM_SEQUENCE_5956E4BD_0BBC_4F7B_9F13_AD7DFAFCD22E) NOT NULL NULL_TO_DEFAULT SEQUENCE PUBLIC.SYSTEM_SEQUENCE_5956E4BD_0BBC_4F7B_9F13_AD7DFAFCD22E,
    NAME VARCHAR(50),
    TYPE VARCHAR(50),
    READONLY BOOLEAN,
    CREATED VARCHAR(50),
    SHARED BOOLEAN,
    USER_ID BIGINT
);   
ALTER TABLE PUBLIC.NOTEBOOKS ADD CONSTRAINT PUBLIC.CONSTRAINT_1 PRIMARY KEY(ID);               
-- 11 +/- SELECT COUNT(*) FROM PUBLIC.NOTEBOOKS;               
INSERT INTO PUBLIC.NOTEBOOKS(ID, NAME, TYPE, READONLY, CREATED, SHARED, USER_ID) VALUES
(2, 'Starredalinka', 'starred', FALSE, '2019-01-21', FALSE, 2),
(3, 'Films', 'regular', TRUE, '2019-01-21', TRUE, 2),
(4, 'Heroes', 'regular', FALSE, '2019-01-21', FALSE, 2),
(5, 'Starreduser', 'starred', FALSE, '2019-01-21', FALSE, 3),
(6, 'Seasons', 'regular', FALSE, '2019-01-21', FALSE, 3),
(7, 'Games', 'regular', FALSE, '2019-01-21', TRUE, 3),
(8, 'Acters', 'regular', FALSE, '2019-01-21', FALSE, 3),
(9, 'Phones', 'regular', FALSE, '2019-01-21', FALSE, 3),
(10, 'Study', 'regular', FALSE, '2019-01-21', FALSE, 3),
(11, 'Starreduser2', 'starred', FALSE, '2019-01-21', FALSE, 4),
(12, 'Robots', 'regular', FALSE, '2019-01-21', TRUE, 4);      
CREATE CACHED TABLE PUBLIC.USERS(
    ID_USER BIGINT DEFAULT (NEXT VALUE FOR PUBLIC.SYSTEM_SEQUENCE_10665A58_BAA6_44D3_8AD3_EB84FC107AD7) NOT NULL NULL_TO_DEFAULT SEQUENCE PUBLIC.SYSTEM_SEQUENCE_10665A58_BAA6_44D3_8AD3_EB84FC107AD7,
    NAME VARCHAR(50),
    NICKNAME VARCHAR(50),
    EMAIL VARCHAR(50),
    PASSWORD VARCHAR(50)
);    
ALTER TABLE PUBLIC.USERS ADD CONSTRAINT PUBLIC.CONSTRAINT_4D PRIMARY KEY(ID_USER);             
-- 3 +/- SELECT COUNT(*) FROM PUBLIC.USERS;    
INSERT INTO PUBLIC.USERS(ID_USER, NAME, NICKNAME, EMAIL, PASSWORD) VALUES
(2, 'Alina', 'alinka', 'alinka@yandex.ru', '1234567'),
(3, 'Ivan', 'user', 'user@yandex.ru', '1234567'),
(4, 'James', 'user2', 'user2@yandex.ru', '1234567');        
CREATE CACHED TABLE PUBLIC.PUBLIC_NOTEBOOKS(
    ID BIGINT DEFAULT (NEXT VALUE FOR PUBLIC.SYSTEM_SEQUENCE_A61AC89E_F822_4ECA_B2F0_744AFA6E01FD) NOT NULL NULL_TO_DEFAULT SEQUENCE PUBLIC.SYSTEM_SEQUENCE_A61AC89E_F822_4ECA_B2F0_744AFA6E01FD,
    NOTEBOOK_ID BIGINT
);       
ALTER TABLE PUBLIC.PUBLIC_NOTEBOOKS ADD CONSTRAINT PUBLIC.CONSTRAINT_3 PRIMARY KEY(ID);        
-- 3 +/- SELECT COUNT(*) FROM PUBLIC.PUBLIC_NOTEBOOKS;         
INSERT INTO PUBLIC.PUBLIC_NOTEBOOKS(ID, NOTEBOOK_ID) VALUES
(2, 3),
(3, 7),
(4, 12);           
